customer,average_discount_percentage
"Atliq Exclusive",17.48000000
"Atliq e Store",20.61000000
"Reliance Digital",21.19000000
Croma,30.25000000
Ezone,30.28000000
"Vijay Sales",27.53000000
Lotus,27.02000000
Viveks,30.38000000
Girias,25.08000000
Amazon,25.70000000
Flipkart,30.83000000
Ebay,22.59000000
Electricalsocity,19.57000000
Electricalslytical,22.53000000
Expression,20.57000000
Propel,20.04000000
